CustomerID,CustomerName,ContactNumber,Email,Address
1,Customer_1,9876543211,customer1@example.com,Address_1
2,Customer_2,9876543222,customer2@example.com,Address_2
3,Customer_3,9876543233,customer3@example.com,Address_3
4,Customer_4,9876543244,customer4@example.com,Address_4
5,Customer_5,9876543250,customer5@example.com,Address_5
6,Customer_6,9876543261,customer6@example.com,Address_6
7,Customer_7,9876543272,customer7@example.com,Address_7
8,Customer_8,9876543283,customer8@example.com,Address_8
9,Customer_9,9876543294,customer9@example.com,Address_9
10,Customer_10,9876543200,customer10@example.com,Address_10
11,Customer_11,9876543211,customer11@example.com,Address_11
12,Customer_12,9876543222,customer12@example.com,Address_12
13,Customer_13,9876543233,customer13@example.com,Address_13
14,Customer_14,9876543244,customer14@example.com,Address_14
15,Customer_15,9876543250,customer15@example.com,Address_15
16,Customer_16,9876543261,customer16@example.com,Address_16
17,Customer_17,9876543272,customer17@example.com,Address_17
18,Customer_18,9876543283,customer18@example.com,Address_18
19,Customer_19,9876543294,customer19@example.com,Address_19
20,Customer_20,9876543200,customer20@example.com,Address_20
21,Customer_21,9876543211,customer21@example.com,Address_21
22,Customer_22,9876543222,customer22@example.com,Address_22
23,Customer_23,9876543233,customer23@example.com,Address_23
24,Customer_24,9876543244,customer24@example.com,Address_24
25,Customer_25,9876543250,customer25@example.com,Address_25
26,Customer_26,9876543261,customer26@example.com,Address_26
27,Customer_27,9876543272,customer27@example.com,Address_27
28,Customer_28,9876543283,customer28@example.com,Address_28
29,Customer_29,9876543294,customer29@example.com,Address_29
30,Customer_30,9876543200,customer30@example.com,Address_30
31,Customer_31,9876543211,customer31@example.com,Address_31
32,Customer_32,9876543222,customer32@example.com,Address_32
33,Customer_33,9876543233,customer33@example.com,Address_33
34,Customer_34,9876543244,customer34@example.com,Address_34
35,Customer_35,9876543250,customer35@example.com,Address_35
36,Customer_36,9876543261,customer36@example.com,Address_36
37,Customer_37,9876543272,customer37@example.com,Address_37
38,Customer_38,9876543283,customer38@example.com,Address_38
39,Customer_39,9876543294,customer39@example.com,Address_39
40,Customer_40,9876543200,customer40@example.com,Address_40
41,Customer_41,9876543211,customer41@example.com,Address_41
42,Customer_42,9876543222,customer42@example.com,Address_42
43,Customer_43,9876543233,customer43@example.com,Address_43
44,Customer_44,9876543244,customer44@example.com,Address_44
45,Customer_45,9876543250,customer45@example.com,Address_45
46,Customer_46,9876543261,customer46@example.com,Address_46
47,Customer_47,9876543272,customer47@example.com,Address_47
48,Customer_48,9876543283,customer48@example.com,Address_48
49,Customer_49,9876543294,customer49@example.com,Address_49
50,Customer_50,9876543200,customer50@example.com,Address_50
51,Customer_51,9876543211,customer51@example.com,Address_51
52,Customer_52,9876543222,customer52@example.com,Address_52
53,Customer_53,9876543233,customer53@example.com,Address_53
54,Customer_54,9876543244,customer54@example.com,Address_54
55,Customer_55,9876543250,customer55@example.com,Address_55
56,Customer_56,9876543261,customer56@example.com,Address_56
57,Customer_57,9876543272,customer57@example.com,Address_57
58,Customer_58,9876543283,customer58@example.com,Address_58
59,Customer_59,9876543294,customer59@example.com,Address_59
60,Customer_60,9876543200,customer60@example.com,Address_60
61,Customer_61,9876543211,customer61@example.com,Address_61
62,Customer_62,9876543222,customer62@example.com,Address_62
63,Customer_63,9876543233,customer63@example.com,Address_63
64,Customer_64,9876543244,customer64@example.com,Address_64
65,Customer_65,9876543250,customer65@example.com,Address_65
66,Customer_66,9876543261,customer66@example.com,Address_66
67,Customer_67,9876543272,customer67@example.com,Address_67
68,Customer_68,9876543283,customer68@example.com,Address_68
69,Customer_69,9876543294,customer69@example.com,Address_69
70,Customer_70,9876543200,customer70@example.com,Address_70
71,Customer_71,9876543211,customer71@example.com,Address_71
72,Customer_72,9876543222,customer72@example.com,Address_72
73,Customer_73,9876543233,customer73@example.com,Address_73
74,Customer_74,9876543244,customer74@example.com,Address_74
75,Customer_75,9876543250,customer75@example.com,Address_75
76,Customer_76,9876543261,customer76@example.com,Address_76
77,Customer_77,9876543272,customer77@example.com,Address_77
78,Customer_78,9876543283,customer78@example.com,Address_78
79,Customer_79,9876543294,customer79@example.com,Address_79
80,Customer_80,9876543200,customer80@example.com,Address_80
81,Customer_81,9876543211,customer81@example.com,Address_81
82,Customer_82,9876543222,customer82@example.com,Address_82
83,Customer_83,9876543233,customer83@example.com,Address_83
84,Customer_84,9876543244,customer84@example.com,Address_84
85,Customer_85,9876543250,customer85@example.com,Address_85
86,Customer_86,9876543261,customer86@example.com,Address_86
87,Customer_87,9876543272,customer87@example.com,Address_87
88,Customer_88,9876543283,customer88@example.com,Address_88
89,Customer_89,9876543294,customer89@example.com,Address_89
90,Customer_90,9876543200,customer90@example.com,Address_90
91,Customer_91,9876543211,customer91@example.com,Address_91
92,Customer_92,9876543222,customer92@example.com,Address_92
93,Customer_93,9876543233,customer93@example.com,Address_93
94,Customer_94,9876543244,customer94@example.com,Address_94
95,Customer_95,9876543250,customer95@example.com,Address_95
96,Customer_96,9876543261,customer96@example.com,Address_96
97,Customer_97,9876543272,customer97@example.com,Address_97
98,Customer_98,9876543283,customer98@example.com,Address_98
99,Customer_99,9876543294,customer99@example.com,Address_99
100,Customer_100,9876543200,customer100@example.com,Address_100
101,Customer_101,9876543211,customer101@example.com,Address_101
102,Customer_102,9876543222,customer102@example.com,Address_102
103,Customer_103,9876543233,customer103@example.com,Address_103
104,Customer_104,9876543244,customer104@example.com,Address_104
105,Customer_105,9876543250,customer105@example.com,Address_105
106,Customer_106,9876543261,customer106@example.com,Address_106
107,Customer_107,9876543272,customer107@example.com,Address_107
108,Customer_108,9876543283,customer108@example.com,Address_108
109,Customer_109,9876543294,customer109@example.com,Address_109
110,Customer_110,9876543200,customer110@example.com,Address_110
111,Customer_111,9876543211,customer111@example.com,Address_111
112,Customer_112,9876543222,customer112@example.com,Address_112
113,Customer_113,9876543233,customer113@example.com,Address_113
114,Customer_114,9876543244,customer114@example.com,Address_114
115,Customer_115,9876543250,customer115@example.com,Address_115
116,Customer_116,9876543261,customer116@example.com,Address_116
117,Customer_117,9876543272,customer117@example.com,Address_117
118,Customer_118,9876543283,customer118@example.com,Address_118
119,Customer_119,9876543294,customer119@example.com,Address_119
120,Customer_120,9876543200,customer120@example.com,Address_120
121,Customer_121,9876543211,customer121@example.com,Address_121
122,Customer_122,9876543222,customer122@example.com,Address_122
123,Customer_123,9876543233,customer123@example.com,Address_123
124,Customer_124,9876543244,customer124@example.com,Address_124
125,Customer_125,9876543250,customer125@example.com,Address_125
126,Customer_126,9876543261,customer126@example.com,Address_126
127,Customer_127,9876543272,customer127@example.com,Address_127
128,Customer_128,9876543283,customer128@example.com,Address_128
129,Customer_129,9876543294,customer129@example.com,Address_129
130,Customer_130,9876543200,customer130@example.com,Address_130
131,Customer_131,9876543211,customer131@example.com,Address_131
132,Customer_132,9876543222,customer132@example.com,Address_132
133,Customer_133,9876543233,customer133@example.com,Address_133
134,Customer_134,9876543244,customer134@example.com,Address_134
135,Customer_135,9876543250,customer135@example.com,Address_135
136,Customer_136,9876543261,customer136@example.com,Address_136
137,Customer_137,9876543272,customer137@example.com,Address_137
138,Customer_138,9876543283,customer138@example.com,Address_138
139,Customer_139,9876543294,customer139@example.com,Address_139
140,Customer_140,9876543200,customer140@example.com,Address_140
141,Customer_141,9876543211,customer141@example.com,Address_141
142,Customer_142,9876543222,customer142@example.com,Address_142
143,Customer_143,9876543233,customer143@example.com,Address_143
144,Customer_144,9876543244,customer144@example.com,Address_144
145,Customer_145,9876543250,customer145@example.com,Address_145
146,Customer_146,9876543261,customer146@example.com,Address_146
147,Customer_147,9876543272,customer147@example.com,Address_147
148,Customer_148,9876543283,customer148@example.com,Address_148
149,Customer_149,9876543294,customer149@example.com,Address_149
150,Customer_150,9876543200,customer150@example.com,Address_150
151,Customer_151,9876543211,customer151@example.com,Address_151
152,Customer_152,9876543222,customer152@example.com,Address_152
153,Customer_153,9876543233,customer153@example.com,Address_153
154,Customer_154,9876543244,customer154@example.com,Address_154
155,Customer_155,9876543250,customer155@example.com,Address_155
156,Customer_156,9876543261,customer156@example.com,Address_156
157,Customer_157,9876543272,customer157@example.com,Address_157
158,Customer_158,9876543283,customer158@example.com,Address_158
159,Customer_159,9876543294,customer159@example.com,Address_159
160,Customer_160,9876543200,customer160@example.com,Address_160
161,Customer_161,9876543211,customer161@example.com,Address_161
162,Customer_162,9876543222,customer162@example.com,Address_162
163,Customer_163,9876543233,customer163@example.com,Address_163
164,Customer_164,9876543244,customer164@example.com,Address_164
165,Customer_165,9876543250,customer165@example.com,Address_165
166,Customer_166,9876543261,customer166@example.com,Address_166
167,Customer_167,9876543272,customer167@example.com,Address_167
168,Customer_168,9876543283,customer168@example.com,Address_168
169,Customer_169,9876543294,customer169@example.com,Address_169
170,Customer_170,9876543200,customer170@example.com,Address_170
171,Customer_171,9876543211,customer171@example.com,Address_171
172,Customer_172,9876543222,customer172@example.com,Address_172
173,Customer_173,9876543233,customer173@example.com,Address_173
174,Customer_174,9876543244,customer174@example.com,Address_174
175,Customer_175,9876543250,customer175@example.com,Address_175
176,Customer_176,9876543261,customer176@example.com,Address_176
177,Customer_177,9876543272,customer177@example.com,Address_177
178,Customer_178,9876543283,customer178@example.com,Address_178
179,Customer_179,9876543294,customer179@example.com,Address_179
180,Customer_180,9876543200,customer180@example.com,Address_180
181,Customer_181,9876543211,customer181@example.com,Address_181
182,Customer_182,9876543222,customer182@example.com,Address_182
183,Customer_183,9876543233,customer183@example.com,Address_183
184,Customer_184,9876543244,customer184@example.com,Address_184
185,Customer_185,9876543250,customer185@example.com,Address_185
186,Customer_186,9876543261,customer186@example.com,Address_186
187,Customer_187,9876543272,customer187@example.com,Address_187
188,Customer_188,9876543283,customer188@example.com,Address_188
189,Customer_189,9876543294,customer189@example.com,Address_189
190,Customer_190,9876543200,customer190@example.com,Address_190
191,Customer_191,9876543211,customer191@example.com,Address_191
192,Customer_192,9876543222,customer192@example.com,Address_192
193,Customer_193,9876543233,customer193@example.com,Address_193
194,Customer_194,9876543244,customer194@example.com,Address_194
195,Customer_195,9876543250,customer195@example.com,Address_195
196,Customer_196,9876543261,customer196@example.com,Address_196
197,Customer_197,9876543272,customer197@example.com,Address_197
198,Customer_198,9876543283,customer198@example.com,Address_198
199,Customer_199,9876543294,customer199@example.com,Address_199
200,Customer_200,9876543200,customer200@example.com,Address_200
